doc_id,title,author,created_date,doc_type,related_department,summary,content,keywords,embedding_id
19,939,162,2022-04-07,3,4,1408,404,1300,638
400,726,457,2023-07-18,1,3,725,626,572,1144
814,290,103,2024-10-03,0,4,453,1387,981,61
1233,652,211,2025-02-12,2,2,273,1096,1066,936
489,414,15,2023-08-02,4,0,23,38,372,268
47,90,162,2022-09-12,0,0,573,1184,291,1406
691,1014,318,2024-07-05,3,3,48,808,830,469
1294,908,168,2025-03-28,2,1,536,1112,1387,740
214,517,151,2022-10-14,4,2,1227,192,1063,610
1013,777,414,2024-05-16,1,2,202,352,1016,1013
668,336,79,2023-02-03,0,2,584,1262,1358,395
1119,1104,41,2025-04-23,3,0,868,385,638,1113
171,873,242,2022-11-29,1,4,835,363,1272,291
623,896,61,2023-05-09,2,2,230,1040,502,886
882,474,452,2024-06-21,4,4,688,847,863,525
1340,311,211,2025-04-15,0,2,988,1407,190,1313
549,851,397,2023-04-11,1,1,17,595,693,114
982,1111,206,2024-10-22,3,2,1011,822,76,823
333,1006,305,2023-07-14,3,4,1476,468,1301,390
688,632,203,2024-02-20,2,2,318,1008,355,1332
1211,509,268,2025-07-08,4,3,1171,225,810,337
180,6,176,2022-09-22,1,1,751,609,1136,652
616,11,162,2023-04-05,2,0,483,1144,450,101
940,263,222,2024-08-02,0,0,111,1375,305,738
263,1056,430,2022-12-19,3,2,345,774,1419,1167
1109,760,452,2025-01-23,1,4,603,270,662,972
461,367,21,2023-11-17,4,1,1209,164,221,604
783,955,163,2024-04-22,3,0,36,507,1192,294
1300,191,406,2025-03-03,0,3,1038,1241,1476,521
98,907,189,2022-05-18,2,1,1115,953,509,1236
1230,759,461,2025-06-10,1,2,128,332,1350,1336
561,67,248,2023-10-03,0,4,1042,1245,537,29
873,889,216,2024-01-12,2,2,210,943,174,999
641,438,472,2023-10-28,4,2,633,194,1371,813
1369,1049,319,2025-10-07,3,3,871,488,246,973
152,163,352,2022-10-14,0,2,599,1157,964,263
2,996,308,2022-07-12,3,4,1438,438,1286,855
362,674,211,2023-03-08,2,2,253,1137,899,8
710,699,153,2024-04-10,3,3,30,798,327,878
1073,461,371,2025-02-11,4,2,1215,101,884,1252
647,549,162,2023-06-19,2,0,518,1041,1395,381
938,1034,97,2024-10-22,3,0,1013,554,1173,1146
176,1131,452,2022-10-14,1,4,731,368,1274,170
1307,232,288,2025-01-07,0,1,369,1340,676,1350
466,621,206,2023-05-17,1,2,958,351,359,1004
763,428,75,2024-07-03,4,4,1154,217,474,110
245,105,97,2022-11-03,0,0,575,1164,975,665
1042,1119,186,2024-02-05,2,1,1121,945,1036,251
1180,1075,368,2025-01-28,3,2,1080,1499,215,713
374,172,162,2023-07-11,0,0,559,1297,1048,538
888,933,415,2024-03-21,1,3,190,343,1004,1083
1366,390,482,2025-01-09,4,4,1497,248,1491,125
205,187,153,2022-08-23,0,3,1052,1244,1359,313
513,568,179,2023-10-05,1,1,703,374,880,466
9,995,147,2022-07-15,3,4,1421,439,1288,191
426,671,211,2023-02-10,2,2,254,1016,1339,1409
805,505,457,2024-04-12,4,3,1264,229,1001,808
60,540,162,2022-11-03,1,0,774,605,303,1153
1087,216,316,2025-03-18,0,4,1090,1295,898,558
322,1029,6,2023-10-09,3,2,955,817,1447,148
749,593,176,2024-01-05,2,1,530,1025,1088,1211
36,691,459,2022-09-22,1,3,337,380,330,898
770,1072,301,2024-11-07,3,0,928,570,1198,420
377,199,397,2023-06-05,0,1,614,1496,876,964
1135,425,85,2025-01-28,4,0,1178,58,468,289
455,195,270,2023-08-21,0,3,364,1489,153,756
91,914,162,2022-04-18,2,0,267,1119,597,1178
1111,988,146,2025-04-07,3,4,942,732,948,550
703,620,199,2024-03-13,1,2,692,337,39,43
393,370,176,2023-12-01,4,1,1185,89,554,245
114,162,6,2022-08-16,0,2,587,1329,756,1379
41,995,138,2022-07-18,3,4,1436,418,1320,857
410,582,176,2023-02-06,2,1,1349,1062,732,1228
811,416,376,2024-08-12,4,3,1316,82,401,939
493,667,199,2023-09-21,2,2,206,1089,94,318
1226,322,85,2025-03-05,0,4,452,1422,1116,1293
903,748,50,2024-06-10,1,3,706,331,103,49
208,549,162,2022-03-14,2,0,223,924,1393,1139
1308,979,346,2025-04-14,3,2,180,759,1420,481
257,37,367,2022-09-22,0,3,414,1446,267,1012
663,779,255,2023-05-08,1,0,1062,359,1027,757
740,384,299,2024-07-02,4,4,890,81,1056,129
89,150,213,2022-11-03,0,2,793,1481,790,580
1182,1071,249,2025-01-27,3,0,1018,571,619,344
547,209,184,2023-07-17,0,1,606,1316,869,1320
964,859,455,2024-08-21,1,2,196,310,771,916
1343,490,491,2025-04-08,4,3,1248,233,210,1058
671,222,162,2023-10-02,0,0,987,1408,579,702
63,788,457,2022-10-17,1,1,647,370,877,97
8,992,162,2022-07-12,3,4,1431,386,1157,557
327,739,457,2023-06-28,1,3,773,629,779,1373
829,241,239,2024-04-05,0,0,468,1348,651,51
188,679,199,2022-11-03,2,2,217,931,182,971
1316,432,139,2025-02-14,4,4,1330,25,1143,765
356,1030,199,2023-10-16,3,2,338,767,1427,1280
773,145,176,2024-02-26,0,1,69,1292,644,1169
1234,914,162,2025-03-03,2,0,517,995,594,924
506,494,321,2023-07-07,4,3,1142,79,930,267
1030,865,223,2024-10-21,1,4,604,647,664,382
202,890,176,2022-05-16,2,1,1104,866,1487,187
1288,247,24,2025-05-09,0,3,402,1353,262,145
627,943,162,2023-04-11,3,0,27,499,1212,1286
744,794,296,2024-03-19,1,1,936,620,568,818
1076,1078,321,2025-01-23,3,3,151,843,929,1067
157,158,199,2022-10-10,0,2,790,1466,787,454
1347,487,293,2025-06-03,4,2,1266,165,1462,601
32,992,162,2022-07-15,3,4,1449,437,1318,675
354,655,199,2023-03-10,2,2,297,1077,180,1302
780,1064,57,2024-01-23,3,0,1016,840,633,130
548,720,457,2023-04-12,1,3,754,265,852,1160
273,883,176,2022-09-02,2,1,840,1042,871,961
944,45,306,2024-06-20,0,3,436,1432,281,735
3,941,162,2022-04-15,3,4,1401,407,1168,747
356,934,457,2023-04-20,1,2,707,307,1239,0
1037,25,481,2024-05-06,0,4,408,1355,921,927
244,678,209,2022-09-12,2,2,298,1140,185,189
1101,412,318,2025-02-03,4,3,1321,55,389,1289
545,549,187,2023-02-01,2,0,855,1057,1397,262
831,1065,41,2024-01-26,3,0,998,837,631,667
81,714,281,2022-07-28,1,3,1063,329,332,537
1177,144,176,2025-01-12,0,1,984,1176,957,957
562,1003,206,2023-07-07,3,2,943,535,1437,1402
775,504,111,2024-04-08,4,3,1148,185,529,399
295,97,64,2022-09-27,0,0,138,1364,612,127
502,578,176,2023-03-10,2,1,848,1028,728,230
973,1016,443,2024-07-11,3,4,953,537,241,754
450,782,194,2023-10-18,1,0,643,371,75,1054
1213,899,95,2025-03-19,2,2,484,863,513,500
138,479,394,2022-11-09,4,1,1277,209,564,851
22,939,162,2022-04-12,3,4,1404,403,1305,1389
59,585,176,2022-07-08,2,1,1347,915,734,697
80,702,457,2022-10-18,4,3,1334,149,315,117
303,539,338,2023-01-10,0,0,20,1385,655,1261
316,646,209,2023-03-06,2,2,849,1142,903,135
324,1001,162,2023-07-18,3,0,0,741,1150,516
353,1178,144,2023-08-03,1,3,746,593,853,352
379,353,176,2023-09-25,2,1,260,947,207,1053
388,407,239,2023-11-02,4,4,1,177,377,448
697,949,77,2024-04-15,3,4,946,412,471,1207
708,626,426,2024-05-28,1,2,96,282,364,893
714,356,40,2024-06-26,0,0,458,1356,228,298
728,693,321,2024-08-12,2,3,852,876,252,1292
745,566,338,2024-09-09,1,0,680,277,441,669
750,1040,318,2024-10-07,3,3,993,771,835,410
755,1142,443,2024-10-21,2,4,837,1000,546,1118
758,168,487,2024-10-29,0,2,863,1332,967,229
1068,1073,162,2025-01-30,3,0,938,844,625,98
1089,8,46,2025-03-12,1,2,145,284,1017,837
1091,332,452,2025-05-05,0,4,1084,1359,1380,1383
1099,980,206,2025-06-20,3,2,948,511,1423,502
40,997,162,2022-07-18,3,4,1416,422,1226,685
410,10,457,2023-03-21,1,2,759,342,1259,7
813,281,162,2024-10-02,0,0,558,1390,308,845
360,608,199,2023-06-05,2,2,317,1031,208,323
70,439,137,2022-11-10,4,1,1247,169,49,1203
879,961,162,2024-04-22,3,0,340,792,1167,173
85,186,192,2022-06-28,0,3,661,1236,573,1288
1235,393,452,2025-01-12,4,4,1269,179,44,528
477,593,176,2023-01-09,2,1,490,975,1091,224
925,769,311,2024-05-07,1,3,120,358,41,888
231,1060,379,2023-01-10,3,2,61,562,1454,1122
1263,171,176,2025-01-04,0,1,617,1294,912,128
593,1110,318,2023-10-16,3,3,538,548,813,439
1009,901,61,2024-02-12,2,0,274,910,516,662
290,243,452,2022-01-24,0,4,1085,1350,988,895
1116,826,410,2025-02-18,1,1,192,318,685,1039
983,448,292,2024-03-04,4,4,1253,41,56,1257
21,992,162,2022-07-18,3,4,1458,462,1233,1329
383,9,457,2023-02-10,1,2,721,662,1249,511
904,81,143,2024-05-21,0,4,395,1366,1126,1195
1065,1123,176,2025-01-12,2,1,237,1068,1102,22
449,376,321,2023-07-07,4,3,1167,22,801,974
121,632,199,2022-11-03,2,2,477,1032,346,253
1004,961,239,2024-04-22,3,0,166,787,1180,764
642,1177,440,2023-10-19,1,3,336,648,102,1123
282,86,41,2022-12-05,0,0,91,1252,304,103
1132,506,77,2025-04-07,4,2,1151,125,48,359
930,82,261,2024-03-12,0,2,403,1490,510,646
189,1108,318,2022-10-06,3,3,49,394,805,437
560,586,176,2023-03-01,2,1,813,1024,119,817
1314,1018,162,2025-06-18,1,0,577,705,653,1364
514,175,196,2023-08-14,0,2,74,1299,770,886
792,1113,452,2024-10-08,3,4,539,551,953,1108
1345,173,395,2025-06-24,0,1,379,1296,700,705
340,1007,310,2023-07-12,3,4,1474,471,1330,529
765,747,321,2024-09-18,1,3,697,634,843,1319
142,319,457,2022-11-03,0,4,470,1494,1120,730
1170,610,199,2025-03-21,2,2,294,1011,73,104
254,441,162,2022-05-26,4,1,1242,173,496,305
961,957,476,2024-04-22,3,0,909,739,635,593
651,574,176,2023-02-10,2,1,1106,1105,1087,987
734,257,114,2024-07-08,0,3,397,1453,2,618
533,628,10,2023-08-03,1,2,97,658,40,1033
1327,402,469,2025-01-29,4,4,898,245,18,147
577,565,162,2023-04-05,1,0,1495,1149,442,911
299,137,176,2022-07-19,0,1,406,1281,699,1266
1249,1077,193,2025-01-07,4,3,1164,204,829,433
862,915,162,2024-02-01,2,0,1490,989,597,1102
66,161,199,2022-09-07,0,2,368,1328,757,794
1295,1021,452,2025-07-15,3,4,810,542,1277,275
469,94,475,2023-04-13,0,0,554,1218,605,606
909,692,321,2024-06-03,2,3,224,872,255,993
21,994,162,2022-07-18,3,4,1429,421,1158,661
342,664,195,2023-03-07,2,2,323,932,85,1332
916,967,319,2024-04-12,3,3,37,751,141,534
583,588,168,2023-08-21,2,1,498,963,1100,265
125,1159,484,2022-12-12,4,4,1162,44,244,939
1126,76,457,2025-02-11,0,3,427,1202,138,1188
528,931,389,2023-10-05,1,2,115,689,772,93
980,545,162,2024-02-02,2,0,222,883,1411,719
277,1085,206,2022-10-03,3,2,1029,810,1429,507
1061,268,84,2025-07-08,0,0,560,1370,665,931
626,754,443,2023-06-26,1,3,353,687,99,1321
764,429,381,2024-06-28,4,2,1255,111,873,478
53,306,162,2022-11-28,0,0,983,1406,313,651
1261,1017,41,2025-07-22,3,0,885,486,1155,1121
447,615,206,2023-05-17,1,2,702,657,37,596
1012,182,254,2024-05-02,0,3,1056,1458,783,20
1183,897,61,2025-01-19,2,0,510,860,1133,370
18,997,162,2022-07-14,3,4,1433,427,1220,831
403,666,199,2023-03-06,2,2,1375,1138,92,2
725,416,457,2024-05-21,4,3,1328,145,399,1022
462,1155,452,2023-09-12,1,4,669,264,943,1366
1208,43,137,2025-01-22,0,3,420,1429,306,655
179,595,176,2022-09-19,2,1,238,888,1093,1218
945,956,434,2024-04-18,3,0,1004,757,1165,168
1330,117,401,2025-04-08,0,4,592,1154,897,400
217,636,8,2022-08-24,4,2,1225,151,167,821
648,818,176,2023-02-07,1,1,129,303,425,311
861,457,40,2024-01-12,4,0,629,49,1493,186
1361,827,414,2025-02-11,1,2,189,306,1255,589
256,96,434,2022-12-19,0,0,394,1377,406,864
352,692,321,2023-06-28,2,3,481,875,254,157
797,786,421,2024-02-05,1,0,650,304,59,277
1166,1080,301,2025-01-09,3,4,64,567,235,1183
510,31,209,2023-03-09,0,2,71,1181,90,1244
907,837,73,2024-06-06,1,4,720,305,455,18
342,1006,162,2023-07-18,3,4,1473,467,1308,561
772,632,199,2024-03-06,2,2,1359,897,366,412
1186,416,457,2025-01-27,4,3,1486,202,460,1239
127,534,239,2022-09-22,1,0,723,381,607,842
1044,130,137,2024-04-09,0,3,7,1277,837,86
532,593,176,2023-02-14,2,1,245,987,1089,1381
219,1057,253,2022-12-15,3,2,944,776,79,1148
970,1157,452,2024-10-07,3,4,924,550,1327,962
629,333,176,2023-11-06,0,1,982,1179,1349,224
1123,711,265,2025-03-12,1,3,768,339,64,824
100,340,199,2022-11-08,0,2,794,1472,797,639
673,1100,318,2023-04-21,3,3,333,782,823,954
835,893,162,2024-01-05,2,0,819,941,1392,1089
1256,463,40,2025-02-10,4,0,623,579,60,1338
58,1172,452,2022-05-10,1,4,641,348,101,509
497,293,2,2023-09-26,0,0,428,1161,192,782
1007,1092,169,2024-07-02,3,1,999,1497,682,338
1298,225,253,2025-03-04,0,2,445,1327,888,506
13,996,308,2022-07-12,3,4,1451,431,1291,1351
451,694,115,2023-04-10,3,3,1398,747,807,725
730,660,199,2024-02-06,2,2,259,1035,745,15
1204,465,146,2025-01-23,4,0,1336,56,574,929
328,578,176,2023-01-19,2,1,496,955,707,216
959,21,234,2024-08-05,0,0,429,1231,1050,1051
185,811,414,2022-07-21,1,2,726,297,1237,917
1367,973,162,2025-04-22,3,0,915,520,627,136
617,15,486,2023-10-05,4,4,1159,130,472,1386
203,22,191,2022-11-03,0,1,416,1428,702,523
1157,842,321,2025-05-13,1,3,651,294,0,810
859,631,199,2024-05-28,2,2,607,948,352,316
390,26,176,2023-09-07,0,4,137,1378,1266,1217
150,1023,162,2022-10-17,4,0,685,231,613,26
972,1140,452,2024-03-18,2,4,234,885,539,545
1270,796,176,2025-04-09,1,1,947,291,679,1255
526,374,273,2023-07-03,4,3,168,78,860,426
757,23,360,2024-11-04,0,2,1040,1155,187,1152
26,992,141,2022-07-15,3,4,1437,528,1304,816
356,632,203,2023-03-06,2,2,1364,1079,363,1186
857,697,403,2024-04-10,3,3,1293,755,322,1340
535,441,46,2023-11-02,4,2,1325,241,494,968
1083,266,41,2025-08-12,0,0,388,1368,656,325
263,596,174,2022-09-19,2,1,243,1124,1083,48
777,555,162,2024-10-22,3,0,870,825,1031,602
595,812,388,2023-03-14,1,2,781,638,1248,462
1159,470,40,2025-01-08,4,4,827,42,1364,1181
164,121,329,2022-10-05,0,3,444,1270,895,691
966,838,180,2024-05-02,1,1,153,701,691,928
1128,69,472,2025-09-15,0,2,391,1243,758,357
584,900,217,2023-06-21,2,0,512,861,515,1085
700,514,452,2024-07-02,4,4,1155,190,1265,80
72,761,165,2022-11-08,1,0,700,653,261,791
1236,979,206,2025-04-17,3,2,174,800,77,1337
478,292,179,2023-09-12,0,1,469,1388,1025,498
991,810,443,2024-08-26,1,3,1491,688,777,1233
0,993,162,2022-07-18,3,4,1456,424,1316,853
339,733,457,2023-03-09,1,3,776,347,1474,1241
777,280,255,2024-10-02,0,0,390,1389,302,78
456,602,176,2023-01-11,2,1,856,917,1073,874
911,442,40,2024-05-06,4,2,548,131,492,428
147,62,342,2022-11-14,0,4,471,1196,1118,565
1075,979,206,2025-04-15,3,2,989,758,1446,13
52,363,41,2022-06-28,4,0,12,249,624,1031
613,866,449,2023-08-22,1,4,833,311,1268,293
31,993,162,2022-07-15,3,4,1425,447,1317,832
516,723,457,2023-04-12,1,3,696,624,845,1403
724,326,239,2024-02-06,0,4,460,1419,1122,946
622,676,199,2023-09-01,2,2,320,1004,746,5
201,410,162,2022-12-05,4,0,1200,98,386,573
1164,979,199,2025-04-09,3,2,1033,760,1418,1037
405,578,168,2023-02-20,2,1,494,1133,710,151
854,521,321,2024-10-07,4,3,631,29,997,1365
281,102,301,2022-10-03,0,0,574,1191,1045,742
947,1143,452,2024-03-18,2,4,233,1101,542,1281
1072,160,206,2025-04-22,0,2,791,1325,796,369
385,1027,162,2023-10-20,3,0,66,396,1171,649
908,715,16,2024-07-15,1,3,1061,707,334,25
1277,530,378,2025-01-27,4,0,1175,76,1464,467
93,179,38,2022-09-19,0,3,1037,1242,1471,876
1021,7,40,2024-01-08,1,1,140,661,200,165
1336,30,62,2025-05-06,0,2,148,1460,159,1100
468,914,162,2023-05-11,2,0,268,1070,596,548
21,998,162,2022-07-18,3,4,1460,428,1217,827
358,755,457,2023-01-12,1,3,694,587,100,1303
893,64,239,2024-04-09,0,0,393,1293,1113,256
615,1121,176,2023-03-03,2,1,838,1128,1059,1165
215,416,28,2022-11-07,4,2,1157,193,400,497
1191,976,41,2025-04-22,3,0,912,574,1179,52
73,120,130,2022-09-21,0,4,596,1247,896,931
1056,637,202,2024-02-02,2,2,328,891,965,788
311,379,443,2023-08-11,4,0,1133,74,985,28
865,335,209,2024-05-06,0,2,77,1174,1343,1271
681,1033,452,2023-10-05,3,4,51,818,944,598
1151,793,176,2025-03-07,1,1,130,274,890,453
195,902,61,2022-05-19,2,2,509,859,1140,1180
748,406,469,2024-08-19,4,4,87,62,20,859
486,52,158,2023-11-06,0,0,1059,1169,1049,1034
1305,849,414,2025-06-12,1,2,1069,271,1236,304
849,885,217,2024-01-10,2,2,814,853,176,778
336,1011,162,2023-07-14,3,4,1396,484,1208,940
768,745,457,2024-09-19,1,3,760,379,335,1192
1219,124,40,2025-02-10,0,0,385,1273,226,1404
107,354,176,2022-03-21,2,1,304,1018,723,716
924,417,28,2024-05-06,4,4,1182,213,392,334
662,662,209,2023-01-10,2,2,523,1097,910,57
239,1054,41,2023-01-05,3,0,1078,831,1213,559
935,1138,397,2024-03-12,1,4,745,338,949,1112
369,343,209,2023-06-02,0,2,803,1493,1333,902
1360,905,61,2025-04-08,2,0,285,1069,1142,478
883,460,469,2024-07-02,4,0,690,23,864,360
168,176,176,2022-09-08,0,1,79,1291,71,111
1271,981,318,2025-04-04,3,3,44,415,934,1219
440,0,385,2023-06-15,1,2,142,334,204,820
1015,214,105,2024-06-18,0,3,553,1220,80,644
232,885,202,2022-11-14,2,2,211,1021,177,1344
1124,784,286,2025-01-22,1,0,201,322,443,1028
789,1095,206,2024-10-07,3,2,1012,773,1441,295
45,992,162,2022-07-15,3,4,1430,527,1231,773
408,742,457,2023-03-21,1,2,784,602,45,1343
818,320,239,2024-09-12,0,4,13,1417,1121,510
146,350,176,2022-02-03,2,1,1358,1060,124,1198
546,443,118,2023-10-02,4,2,10,118,1372,84
949,959,162,2024-04-18,3,0,1289,794,1211,953
606,112,162,2023-08-08,0,0,563,1172,1052,857
1348,607,209,2025-01-22,2,2,219,927,186,280
288,1059,318,2022-12-19,3,3,57,560,931,172
723,841,176,2024-05-29,1,1,616,603,1038,385
1142,466,162,2025-02-11,4,0,1141,53,1494,1084
585,184,326,2023-04-18,0,3,170,1233,1473,671
979,892,162,2024-02-05,2,0,1113,999,449,1196
1179,827,414,2025-03-07,1,2,187,346,1240,965
172,157,206,2022-10-10,0,2,800,1476,793,1348
1224,1022,452,2025-06-03,4,4,1271,43,232,508
637,879,209,2023-06-12,1,2,1082,333,1466,701
11,941,162,2022-04-12,3,4,1405,402,1235,193
429,579,176,2023-02-08,2,1,1373,1125,716,698
1001,132,457,2024-05-28,0,0,389,1188,1042,1400
197,669,212,2022-09-19,2,2,207,1093,86,123
1167,416,121,2025-03-11,4,4,1170,144,397,1143
653,703,318,2023-10-06,3,3,50,848,337,862
719,1136,452,2024-01-23,1,4,786,323,1379,236
129,328,208,2022-11-14,0,2,879,1203,993,479
357,549,162,2023-04-03,2,0,521,1146,1413,587
932,1074,158,2025-01-22,3,0,165,398,1214,1017
1243,871,206,2025-02-17,1,2,99,317,27,95
473,510,415,2023-07-18,4,3,1245,159,1005,241
1060,193,490,2024-06-17,0,3,398,1367,604,1268
236,783,41,2022-05-26,1,0,1099,355,440,1322
1125,986,443,2025-04-07,3,4,43,514,243,536
866,147,179,2024-07-03,0,1,615,1305,916,795
587,380,61,2023-01-27,4,2,1184,256,508,10
794,1148,443,2024-02-02,2,4,1100,1049,548,277
32,992,162,2022-07-15,3,4,1426,429,1315,682
367,578,176,2023-02-10,2,1,301,1073,703,1298
807,699,265,2024-04-09,3,3,31,504,825,184
165,659,209,2022-11-03,4,2,1234,163,1334,869
1201,475,40,2025-07-08,4,0,894,24,577,422
439,1183,457,2023-08-22,1,4,119,598,854,978
1043,135,408,2024-07-02,0,0,562,1279,279,287
209,905,198,2022-05-19,2,2,511,1043,521,715
1334,969,340,2025-04-23,3,0,1024,802,1029,444
485,152,206,2023-09-12,0,2,804,1468,784,93
921,765,236,2024-10-17,1,3,1134,606,850,625
94,358,40,2022-12-05,0,1,133,1253,113,1111
639,909,162,2023-05-02,2,0,266,992,592,205
715,68,79,2024-02-13,0,0,476,1249,224,746
1269,845,206,2025-06-18,1,2,355,600,340,1290
678,414,28,2023-07-07,4,4,1181,77,462,343
877,1048,83,2024-09-05,4,4,896,18,947,887
1148,58,184,2025-03-11,0,1,169,1313,867,1254
21,992,162,2022-07-12,3,4,1455,450,1278,214
381,671,199,2023-03-06,2,2,1356,1099,900,1151
905,965,319,2024-04-10,3,3,41,393,804,889
156,1170,457,2022-10-18,1,0,672,9,657,1385
574,323,142,2023-08-09,0,4,1087,1421,1112,707
1098,441,46,2025-01-27,4,1,1239,132,493,350
986,925,176,2024-01-08,2,1,241,1130,1078,161
276,454,41,2022-12-21,4,0,1136,46,1495,544
423,622,228,2023-05-03,1,2,105,680,31,1214
1301,35,162,2025-04-14,0,2,570,1441,286,1065
474,1028,68,2023-10-19,3,0,1073,549,1032,106
731,725,257,2024-01-17,1,3,1096,283,1,655
1279,903,61,2025-02-11,2,0,513,1039,518,1011
97,108,404,2022-10-06,0,3,585,1486,532,477
870,1076,206,2024-12-20,3,2,874,568,1435,23
1240,273,452,2025-07-08,0,4,882,1336,162,328
661,368,327,2023-11-06,4,3,1204,210,245,805
32,995,162,2022-07-15,3,4,1419,451,1307,731
391,596,176,2023-02-06,2,1,1372,1134,1075,875
872,416,457,2024-03-12,4,3,1322,121,384,1362
228,670,209,2022-11-03,2,2,249,1098,904,112
1074,971,303,2025-04-21,3,0,914,762,1028,1091
527,716,150,2023-06-28,1,3,728,644,817,341
1031,140,343,2024-12-12,0,4,1093,1212,535,638
618,548,162,2023-09-18,2,0,524,1026,1405,815
732,1156,434,2024-08-07,1,4,679,724,926,414
90,362,176,2022-10-05,4,1,1228,234,561,1285
836,91,150,2024-05-02,0,3,1035,1257,293,945
1254,629,199,2025-06-11,1,2,95,660,22,300
472,947,91,2023-04-04,4,3,1147,119,839,1042
1218,95,162,2025-01-22,0,0,552,1222,911,1282
937,1097,313,2024-11-07,3,2,1020,489,1431,77
289,1129,291,2022-12-08,1,4,832,719,146,514
1141,516,9,2025-07-08,4,4,89,110,1261,967
304,1011,162,2023-07-15,3,4,1468,465,1202,681
692,660,199,2024-03-04,2,2,321,901,741,1339
102,113,457,2022-10-12,0,0,461,1265,277,33
1211,416,239,2025-02-06,4,4,1172,94,376,967
53,721,321,2022-07-18,1,3,712,589,928,1081
542,923,176,2023-01-09,2,1,501,965,1067,980
1025,964,206,2024-04-08,3,2,1031,748,214,222
1080,307,176,2025-04-29,0,1,147,1409,428,506
658,372,321,2023-12-05,4,3,1127,211,820,799
958,1162,452,2024-10-14,3,4,52,823,134,1110
10,997,162,2022-07-15,3,4,1434,416,1148,833
398,669,199,2023-02-21,2,2,1340,1139,87,1316
728,952,303,2024-04-17,3,0,908,749,1153,118
611,722,16,2023-07-18,1,3,777,594,936,436
216,880,176,2022-09-06,2,1,507,1123,220,1133
1193,442,128,2025-03-05,4,2,1214,137,1370,954
120,93,247,2022-11-28,0,3,374,1259,257,1380
1100,987,452,2025-04-14,3,4,913,515,239,533
531,303,162,2023-10-23,0,0,566,1399,600,327
1024,840,220,2024-05-21,1,2,156,702,1247,1224
467,925,176,2023-03-14,2,1,1103,960,1096,711
977,381,322,2024-09-09,4,3,1195,32,251,92
286,159,199,2022-12-06,0,2,73,1474,792,566
1262,828,290,2025-01-22,1,0,930,716,647,1149
798,78,377,2024-02-08,0,4,409,1450,476,839
512,1188,162,2023-12-19,4,0,1137,50,618,238
825,905,61,2024-01-11,2,0,276,938,524,1018
5,941,162,2022-04-12,3,4,903,406,1174,217
363,597,176,2023-02-06,2,1,309,1014,1086,784
843,523,127,2024-10-05,4,0,1203,65,1363,1291
431,853,457,2023-05-18,1,2,350,643,1246,415
33,20,478,2022-09-19,0,0,1039,1451,1047,944
880,921,209,2024-03-14,2,2,534,1055,749,1159
1245,975,162,2025-04-22,3,0,1009,804,1149,198
48,762,283,2022-11-03,1,1,645,664,426,570
454,441,309,2023-08-21,4,2,1246,172,488,4
505,84,478,2023-10-24,0,4,1043,1215,534,777
928,806,367,2024-07-09,1,3,1068,708,336,499
92,914,162,2022-03-08,2,0,1114,980,1412,44
1273,156,433,2025-05-12,0,2,799,1477,791,1189
969,1015,379,2024-07-17,3,2,343,485,887,324
633,180,127,2023-07-12,0,3,81,1221,283,633
1324,843,433,2025-06-03,1,2,1067,667,339,916
292,496,127,2022-10-04,4,0,889,157,768,356
3,994,11,2022-07-18,3,4,1428,433,1284,1356
356,652,212,2023-03-22,2,2,529,1007,91,714
824,952,412,2024-04-11,3,0,568,756,629,1020
602,704,123,2023-10-09,4,3,544,227,821,282
218,567,176,2022-11-15,1,1,724,361,69,413
1045,12,231,2024-02-06,0,2,363,1283,150,1234
1120,394,40,2025-01-28,4,2,1210,156,1023,1000
296,549,162,2022-05-10,2,0,256,1147,1398,739
494,1068,363,2023-12-12,3,2,1030,564,1457,94
702,1139,452,2024-03-19,1,4,335,341,922,1138
1365,248,162,2025-06-12,0,0,788,1487,984,605
435,889,188,2023-01-05,2,1,851,940,175,200
809,512,76,2024-07-03,4,4,1180,219,470,346
175,24,81,2022-08-02,0,3,410,1237,1470,14
481,835,166,2023-05-26,1,0,769,356,1044,463
1319,692,320,2025-02-17,2,3,292,870,249,1306
342,1010,162,2023-07-18,3,4,1462,466,1156,689
761,671,199,2024-02-12,2,2,1355,908,909,38
108,489,457,2022-09-07,4,3,1339,105,8,1168
902,256,349,2024-08-22,0,3,1312,1437,268,966
1207,969,239,2025-04-21,3,0,1388,806,1186,518
56,595,176,2022-03-14,2,1,1379,978,1072,1341
545,1166,452,2023-10-12,1,4,699,300,924,349
1097,201,176,2025-09-09,0,1,1305,1165,878,809
609,692,321,2023-02-08,2,3,1344,949,247,1242
936,822,197,2024-01-23,1,2,1297,285,351,131
212,98,162,2022-12-12,0,0,1308,1392,404,384
1331,441,381,2025-02-05,4,2,1484,207,485,1325
786,56,4,2024-11-04,0,4,1307,1232,435,607
652,1116,170,2023-01-19,3,1,1481,397,684,900
123,148,204,2022-05-06,0,2,1309,1479,166,171
891,839,324,2024-07-03,1,3,1300,296,333,1027
1275,911,162,2025-01-08,2,0,1342,903,586,787
446,197,451,2023-07-21,0,4,1303,1194,498,282
312,1006,162,2023-07-18,3,4,1471,477,1319,1352
717,731,457,2024-02-06,1,3,654,319,1481,719
297,1055,206,2022-12-15,3,2,997,775,764,867
1176,315,255,2025-03-12,0,4,203,1415,1109,62
597,1122,176,2023-03-01,2,1,502,1135,1101,1170
918,416,149,2024-09-09,4,0,1191,28,380,970
444,1101,318,2023-04-07,3,3,29,784,811,493
88,211,176,2022-11-02,0,1,610,1228,120,286
860,894,209,2024-05-20,2,2,228,1088,499,1205
1359,823,162,2025-04-08,1,0,1065,309,614,597
541,401,469,2023-08-21,4,4,1187,237,9,1398
229,801,409,2022-10-14,1,2,106,369,29,388
752,261,88,2024-07-02,0,3,1050,1434,273,1137
1216,1105,169,2025-04-05,3,1,883,734,68,712
826,911,162,2024-03-11,2,0,1118,902,584,1010
366,875,52,2023-07-10,1,4,1066,326,1263,138
155,453,158,2022-02-10,4,0,622,45,620,285
12,997,162,2022-07-18,3,4,1389,529,1166,857
421,594,176,2023-02-06,2,1,308,1115,1076,653
839,262,457,2024-07-15,0,3,421,1433,276,1308
321,668,209,2023-05-22,2,2,1108,864,84,88
1196,416,116,2025-03-04,4,0,1173,150,402,1163
159,1164,239,2023-01-10,3,4,1015,829,1283,883
1020,752,332,2024-05-06,1,3,756,635,196,457
1133,89,176,2025-01-08,0,1,613,1256,857,1045
667,543,162,2023-09-01,2,0,820,907,1399,331
800,962,206,2024-04-09,3,2,346,501,1439,41
247,55,0,2022-11-02,0,4,796,1309,969,623
1239,833,162,2025-04-14,1,0,118,697,643,913
746,404,469,2024-02-27,4,4,86,215,14,154
359,114,353,2023-03-21,0,2,602,1462,154,540
220,855,414,2022-08-16,1,2,360,693,1242,1240
1312,1148,452,2025-02-12,2,4,236,967,550,732
926,383,176,2024-10-07,4,1,1265,96,555,260
436,66,289,2023-06-12,0,3,1044,1424,342,397
304,1010,162,2023-07-15,3,4,1395,476,1191,686
694,578,176,2024-02-08,2,1,302,1063,712,37
35,107,457,2022-11-03,0,4,8,1197,1111,985
1084,408,199,2025-03-12,4,2,1260,140,62,425
709,697,318,2024-04-18,3,3,32,799,338,1249
27,660,217,2022-05-09,2,2,516,851,739,274
1062,832,286,2025-01-23,1,0,735,588,670,1164
302,196,235,2023-03-21,0,3,640,1338,152,1374
689,480,146,2024-06-10,4,1,1229,235,567,790
320,860,362,2023-08-22,1,2,195,586,1251,351
29,546,162,2022-09-02,2,0,817,996,1414,582
699,1067,108,2024-01-26,3,0,1017,565,1175,164
331,155,206,2023-10-10,0,2,805,1324,794,1049
1070,874,477,2025-04-08,1,4,181,585,951,868
20,360,71,2022-12-05,4,2,1261,103,490,1395
705,101,411,2024-07-24,0,0,970,1168,1046,533
1081,905,202,2025-02-17,2,2,282,869,1141,1131
319,377,452,2023-07-05,4,4,689,251,209,772
341,1009,162,2023-07-18,3,4,1465,530,1199,1342
787,756,457,2024-04-09,1,3,763,640,314,32
166,314,239,2022-11-03,0,4,16,1207,1108,949
1348,676,199,2025-02-12,2,2,326,1034,743,612
599,441,176,2023-03-27,4,1,1238,174,497,835
822,950,162,2024-04-18,3,0,161,790,1161,411
79,577,176,2022-06-21,2,1,1107,887,725,1032
1085,270,321,2025-08-05,0,3,665,1372,1002,195
569,613,199,2023-05-11,1,2,100,678,28,1267
1038,456,162,2024-02-02,4,0,1199,154,962,364
55,342,162,2022-02-14,0,0,68,1251,1409,1124
470,1144,448,2023-09-06,2,4,231,966,540,743
335,1006,305,2023-07-12,3,4,1467,473,1280,1376
817,632,203,2024-02-19,2,2,315,1009,354,729
132,709,134,2022-12-07,3,3,59,777,323,302
1332,464,40,2025-02-03,4,0,1211,102,1362,531
556,597,182,2023-03-15,2,1,500,1110,1084,1029
762,535,404,2024-04-18,1,0,717,281,606,96
267,139,89,2022-09-14,0,3,881,1280,416,620
428,642,434,2023-05-12,1,2,861,350,751,547
954,1035,99,2024-10-29,3,0,1075,552,1459,183
186,59,423,2022-11-10,0,4,375,1234,403,796
1285,437,382,2025-06-21,4,2,1284,258,447,1205
602,1163,337,2023-04-07,3,4,341,496,942,1361
721,797,269,2024-07-11,1,1,933,327,681,873
1160,251,98,2025-05-06,0,0,422,1436,284,373
889,905,63,2024-08-05,2,2,284,923,525,46
465,285,457,2023-12-12,0,4,438,1208,536,1068
1082,689,238,2025-07-08,1,3,715,330,1012,997
32,939,162,2022-04-12,3,4,1406,409,1230,1389
49,651,199,2022-09-06,2,2,1357,1100,1064,710
301,712,457,2023-02-15,1,3,722,623,841,340
387,440,176,2023-06-09,4,2,1324,175,1367,865
779,1090,239,2024-01-23,3,0,927,778,1146,56
466,131,162,2023-04-07,0,0,576,1290,1051,1097
871,575,176,2024-03-04,2,1,1383,920,705,1246
543,1181,252,2023-09-21,1,2,666,727,47,546
952,471,176,2024-08-19,4,1,1483,257,1374,166
271,75,321,2022-11-03,0,4,663,1449,481,232
1110,983,385,2025-02-10,1,2,676,698,885,814
994,1089,162,2024-07-22,3,3,918,536,230,582
220,631,199,2022-05-19,2,2,289,1054,347,445
1173,29,449,2025-07-01,0,4,1083,1189,1271,1314
1028,518,200,2024-10-08,4,0,1174,36,409,115
625,932,418,2023-12-05,1,3,550,691,1013,319
1362,1088,162,2025-04-21,3,0,916,803,1183,892
139,344,199,2022-03-29,0,0,637,1492,213,1119
31,992,305,2022-07-12,3,4,1444,444,1290,1386
501,660,203,2023-03-08,2,2,314,1058,747,391
739,952,162,2024-04-18,3,0,1003,793,628,844
266,681,16,2022-10-03,1,3,778,622,828,992
1140,404,469,2025-02-14,4,4,1270,142,16,776
612,87,43,2023-08-21,0,0,383,1183,289,594
178,573,176,2022-05-16,2,1,491,984,645,58
1175,625,357,2025-01-27,1,2,94,659,32,1127
564,1032,319,2023-10-11,3,3,55,547,530,144
774,231,483,2024-01-08,0,4,136,1255,982,266
1255,603,394,2025-03-10,4,1,1223,236,562,1014
308,331,279,2023-04-05,0,2,473,1464,156,660
1027,548,65,2024-02-02,2,0,824,904,1401,408
224,1133,241,2022-11-15,1,4,176,722,1264,1231
1315,1076,206,2025-01-09,3,2,1019,842,1357,210
677,426,78,2023-12-05,4,4,632,31,469,693
124,244,400,2022-12-12,0,3,463,1153,1006,959
987,17,59,2024-06-06,2,2,257,942,507,1307
42,994,339,2022-07-18,3,4,1442,459,1299,582
411,584,176,2023-02-06,2,1,305,1126,733,1320
830,953,162,2024-04-19,3,0,175,845,630,784
394,706,16,2023-07-14,1,3,739,646,838,440
1223,272,457,2025-06-24,0,2,377,1376,1243,1161
57,660,199,2022-11-03,2,2,533,969,748,955
850,416,124,2024-09-09,4,4,1156,70,393,366
442,46,401,2023-09-25,0,3,433,1214,300,1270
1199,979,206,2025-04-10,3,2,1010,512,1448,915
69,1141,452,2022-05-16,2,4,235,911,545,1047
434,295,52,2023-12-05,0,0,396,1394,419,770
855,775,94,2024-11-01,1,0,770,617,881,160
78,401,314,2022-03-22,4,3,540,244,10,342
438,790,280,2023-04-18,1,1,121,619,223,1287
812,253,338,2024-05-02,0,4,378,1358,1269,642
1215,399,73,2025-02-18,4,2,1146,113,6,476
430,1004,319,2023-07-07,3,3,47,493,831,64
1192,846,82,2025-05-13,1,2,962,642,430,1150
10,997,162,2022-07-18,3,4,1432,455,1223,1396
484,662,199,2023-03-06,2,2,1361,1005,1353,526
728,958,80,2024-04-22,4,0,22,184,576,575
406,719,457,2023-01-19,1,3,755,625,194,930
249,352,176,2022-09-12,2,1,841,1059,781,1023
1096,1019,206,2025-07-08,3,2,1001,387,1430,240
217,1168,100,2022-11-03,0,4,365,1485,1377,1273
823,1120,176,2024-04-11,1,1,682,715,1039,750
665,13,8,2023-05-02,0,0,418,1209,973,121
919,1039,318,2024-10-07,3,3,334,555,814,485
1321,528,469,2025-06-20,4,2,11,112,1384,221
551,1083,391,2023-10-12,1,0,158,713,608,1384
997,18,61,2024-02-05,2,2,857,939,1139,897
114,1062,452,2022-12-19,3,4,3,556,1314,393
1217,302,162,2025-07-29,0,0,985,1398,311,1079
796,444,73,2024-07-03,4,2,1279,109,1368,578
370,836,414,2023-06-06,1,2,736,700,1256,1299
1274,887,217,2025-02-24,2,2,213,1084,171,659
32,941,162,2022-04-12,3,4,1400,408,1225,741
380,671,199,2023-02-20,2,2,295,922,89,1387
711,1013,41,2024-07-22,3,0,582,809,1160,918
537,718,457,2023-05-10,1,3,761,349,774,69
10,995,308,2022-07-12,3,4,1443,442,1289,672
416,632,203,2023-03-08,2,2,1370,1050,360,1357
733,411,162,2024-01-19,4,0,1335,48,456,941
538,704,37,2023-10-10,1,3,675,645,819,322
264,882,176,2022-09-02,0,1,376,1312,870,734
1178,978,33,2025-04-22,3,2,994,801,1425,152
225,591,174,2022-05-16,2,1,839,1114,1071,451
990,564,271,2024-05-07,1,0,671,672,668,872
346,947,318,2023-04-11,4,3,543,224,938,1066
134,284,481,2022-12-05,0,4,392,1383,405,1220
1035,897,217,2024-02-13,2,2,280,1045,511,563
1250,357,42,2025-06-18,0,0,367,1224,266,1399
621,1172,240,2023-02-22,1,4,695,718,72,350
844,1091,49,2024-10-21,3,0,991,553,1190,1038
1117,164,214,2025-02-03,0,2,441,1330,966,460
117,757,172,2022-11-03,1,1,693,674,1375,81
933,1190,469,2024-03-26,4,4,1273,160,15,657
338,1000,162,2023-07-15,3,0,1394,481,1206,673
771,750,457,2024-02-12,1,3,709,636,319,1394
101,595,176,2022-09-01,2,1,300,1129,1090,236
1115,443,137,2025-03-10,4,2,1235,176,491,989
60,277,41,2022-11-07,0,0,807,1380,258,1222
869,646,209,2024-05-02,2,2,1109,930,906,79
529,948,452,2023-04-12,3,4,884,497,242,389
1248,142,198,2025-05-20,0,2,594,1463,155,860
576,864,342,2023-10-06,1,0,1496,1150,989,1157
996,1042,318,2024-10-22,3,3,56,828,104,611
262,53,176,2022-12-12,0,1,612,1226,117,174
1350,473,40,2025-08-01,4,4,628,247,1365,1063
422,631,202,2023-02-01,2,2,312,1036,353,572
827,773,166,2024-08-19,1,0,658,668,298,1185
1323,972,162,2025-04-16,3,0,1007,523,1203,856
660,80,100,2023-05-03,0,4,1094,1425,480,348
955,913,164,2024-03-05,2,0,826,994,603,712
1109,763,420,2025-04-09,1,2,198,655,1244,459
7,994,341,2022-07-12,3,4,1427,420,1285,530
343,665,203,2023-03-21,2,2,248,1078,557,1295
701,699,398,2024-04-10,3,3,82,750,812,990
140,549,162,2022-11-02,2,0,815,977,1403,59
1077,491,126,2025-06-18,4,2,1267,243,959,775
603,1179,159,2023-06-14,1,4,177,649,846,1103
767,578,175,2024-01-05,2,1,505,862,730,402
198,50,41,2022-09-19,0,0,1060,1382,307,591
582,1087,361,2023-10-06,3,2,347,546,1421,219
1195,236,449,2025-01-08,0,4,1124,1459,1270,1407
650,427,328,2023-07-03,4,4,1283,80,1134,140
974,753,436,2024-08-22,1,3,357,690,1010,309
118,1082,55,2022-04-26,3,0,1002,779,1182,456
1121,221,210,2025-02-24,0,2,964,1403,500,1094
885,600,355,2024-07-03,3,1,875,400,680,163
307,245,3,2023-05-22,0,0,829,1354,191,825
1265,800,39,2025-03-12,1,2,959,681,34,1214
743,382,366,2024-02-16,4,3,1202,201,253,494
21,993,345,2022-07-12,3,4,1435,443,1279,338
347,632,203,2023-03-08,2,2,1363,1003,367,1314
906,699,134,2024-04-09,3,3,42,789,324,733
141,536,162,2022-10-03,2,0,482,968,865,1172
1112,476,170,2025-05-19,4,1,1130,97,558,595
572,1154,9,2023-09-22,1,4,740,582,925,496
684,36,98,2024-06-17,0,2,384,1452,408,909
1138,552,446,2025-04-16,3,0,867,807,640,141
604,219,176,2023-01-23,0,1,977,1173,417,355
847,638,447,2024-05-15,1,2,864,581,737,634
300,359,72,2022-12-05,4,3,627,147,374,47
530,771,348,2023-10-18,1,0,648,263,260,1109
1280,229,162,2025-02-11,0,0,555,1223,992,1206
785,922,179,2024-02-06,2,1,209,1127,116,812
130,486,427,2022-06-21,4,2,1268,166,761,417
479,680,132,2023-04-27,1,3,718,259,818,279
1299,904,218,2025-01-07,2,2,283,928,523,1320
1023,386,452,2024-07-08,4,4,687,21,862,21
375,119,73,2023-09-25,0,4,588,1287,465,861
243,1093,467,2022-10-14,3,1,344,766,1035,631
1368,847,460,2025-06-06,1,3,197,261,1007,443
340,1000,162,2023-07-14,3,0,1393,482,1163,690
770,1175,457,2024-03-12,1,4,752,11,937,36
1171,128,239,2025-04-07,0,2,4,1276,394,1141
14,677,199,2022-09-06,2,2,299,1013,181,1009
898,436,156,2024-12-05,4,4,24,220,466,242
144,589,176,2022-03-28,2,1,531,1131,1069,461
555,696,318,2023-04-11,3,3,28,746,98,641
1018,49,162,2024-08-19,0,0,21,1333,272,720
459,624,199,2023-10-05,1,2,93,6,38,1378
1355,551,41,2025-04-21,3,0,159,524,1184,905
242,54,176,2022-11-03,0,1,18,1230,1361,153
488,447,470,2023-02-17,4,3,1192,232,54,378
698,910,162,2024-01-22,2,0,287,1038,585,609
1290,60,415,2025-06-03,0,3,19,1235,1011,1283
68,1161,451,2022-10-18,3,4,1072,811,240,317
1328,785,88,2025-02-10,1,0,1492,0,412,921
636,287,176,2023-11-20,0,1,144,1386,701,1114
1055,484,205,2024-06-28,4,2,1232,158,21,848
25,995,162,2022-07-15,3,4,1453,454,1295,890
371,598,176,2023-03-02,2,1,306,918,1079,220
874,421,457,2024-08-19,4,3,1259,104,388,530
524,657,199,2023-07-12,1,2,125,621,1335,1317
265,278,239,2022-10-03,0,0,399,1334,274,119
1146,974,162,2025-04-18,3,0,893,763,641,442
984,749,321,2024-04-09,1,3,960,686,97,789
151,910,162,2022-06-06,2,0,520,993,588,1001
595,104,137,2023-09-07,0,4,598,1267,1129,333
716,388,415,2024-02-27,4,2,1177,223,1009,1055
1253,645,199,2025-01-22,2,2,293,867,216,643
559,858,176,2023-06-20,1,1,361,711,692,1247
119,224,199,2022-11-14,0,2,135,1326,151,42
963,1117,321,2024-01-23,3,3,63,492,834,1101
1346,33,7,2025-05-06,0,0,1054,1198,1463,797
437,766,73,2023-11-02,1,4,1135,665,452,246
162,366,156,2022-12-20,4,0,892,13,1489,505
339,1008,305,2023-07-12,3,4,1472,474,1312,706
810,632,203,2024-03-05,2,2,1365,1053,349,194
17,709,134,2022-12-14,3,3,58,834,808,1370
1225,450,35,2025-02-10,4,0,1243,239,57,895
783,4,173,2024-09-18,1,1,744,651,219,484
504,260,132,2023-08-22,0,3,415,1361,280,1107
285,549,162,2022-05-02,2,0,532,1113,1391,723
1302,165,206,2025-01-16,0,2,590,1286,753,1245
956,956,104,2024-04-23,3,0,1005,509,636,513
550,814,416,2023-07-07,1,2,727,692,1021,303
113,300,452,2022-12-05,0,4,969,1396,1385,24
1156,418,364,2025-01-28,4,4,1138,54,381,555
1046,692,320,2024-01-19,2,3,821,1087,248,844
607,143,241,2023-05-11,0,4,862,1284,569,330
154,578,176,2022-09-26,2,1,246,889,729,647
695,850,112,2024-04-08,1,3,199,709,531,1120
368,945,14,2023-04-11,3,2,1032,780,1452,755
39,992,162,2022-07-15,3,4,1422,445,1321,1230
83,606,212,2022-11-03,2,2,264,933,183,847
317,695,457,2023-04-10,3,3,26,783,325,218
376,569,176,2023-06-21,1,1,749,614,218,1359
804,267,239,2024-08-05,0,0,372,1369,660,1048
131,641,206,2022-10-14,4,2,547,162,752,626
899,1150,156,2024-04-12,4,4,624,181,234,176
1071,926,176,2025-01-22,2,1,1489,1023,1092,1077
610,181,145,2023-07-18,0,3,425,1443,275,62
1181,557,162,2025-02-07,3,0,339,572,1204,666
931,840,414,2024-05-22,1,2,157,703,1245,491
666,911,162,2023-02-02,2,0,286,976,581,11
981,415,28,2024-07-02,4,3,1193,85,378,877
196,333,212,2022-09-05,0,2,975,1303,1346,257
1204,774,162,2025-03-05,1,0,649,669,882,1269
581,1146,452,2023-10-02,2,4,853,934,544,458
1026,83,260,2024-02-19,0,2,795,1311,527,1005
1264,481,169,2025-03-28,4,1,1275,230,559,377
342,1006,397,2023-07-12,3,4,1466,470,1306,16
767,634,203,2024-03-18,2,2,325,1010,362,879
1169,412,122,2025-02-06,4,3,1201,146,382,1310
74,562,162,2022-09-02,1,0,705,591,855,227
900,288,272,2024-10-03,0,3,448,1456,269,515
309,580,168,2023-02-10,2,1,828,1108,704,736
230,1132,245,2022-11-15,1,4,834,604,1273,87
1057,962,454,2024-04-08,3,2,1027,788,1426,928
1329,34,393,2025-04-22,0,1,979,1401,913,781
269,686,34,2022-06-30,4,3,545,72,331,644
539,550,162,2023-09-05,2,0,1111,997,1406,1060
1129,969,367,2025-04-10,3,0,580,521,1195,446
598,658,461,2023-04-19,4,2,1231,153,918,108
884,853,414,2024-05-06,1,2,194,357,1018,376
122,349,106,2022-12-05,0,0,467,1495,1488,1190
1282,571,174,2025-01-15,2,1,528,946,1486,248
480,106,29,2023-08-22,0,4,597,1266,654,1074
1022,529,384,2024-01-29,4,0,1240,16,1461,630
335,1007,162,2023-07-20,3,4,1475,469,1228,549
914,738,457,2024-02-14,1,3,673,316,212,1334
34,355,176,2022-05-03,2,1,255,1118,1400,703
1169,409,215,2025-06-11,4,2,1222,242,413,326
573,291,334,2023-10-12,0,0,880,1308,983,524
200,1026,239,2022-10-21,3,0,1158,814,1172,55
759,1130,53,2024-11-07,1,4,704,364,147,952
1326,334,209,2025-03-18,0,2,973,1175,1344,1274
431,572,176,2023-04-05,2,1,847,958,646,99
1051,503,76,2024-04-29,4,4,35,183,371,283
237,605,209,2022-08-17,2,2,215,882,172,850
1105,981,318,2025-04-08,3,3,1070,414,940,1093
846,297,162,2024-05-09,0,0,976,1160,309,640
521,930,284,2023-08-09,1,2,674,314,998,470
1296,482,394,2025-07-02,4,1,1131,90,566,1059
149,183,365,2022-03-22,0,3,1125,1484,163,1238
1358,1019,206,2025-07-15,3,2,184,764,1422,83
6,993,19,2022-07-12,3,4,1447,575,1294,1304
378,944,162,2023-04-10,3,0,1291,781,610,55
890,708,409,2024-10-07,4,3,1332,133,833,1145
420,633,202,2023-03-22,2,2,1378,896,358,786
704,1126,340,2024-09-16,0,4,1310,1418,1115,934
109,589,168,2022-11-03,2,1,1346,964,1068,259
1364,420,457,2025-05-19,4,4,1320,35,395,1284
591,867,452,2023-09-28,1,4,1295,712,1378,387
1003,639,206,2024-04-24,4,2,1384,152,755,981
275,40,265,2022-12-05,0,1,1313,1210,1037,1368
1194,547,162,2025-02-14,2,0,1380,854,164,124
790,807,324,2024-02-06,1,3,1301,683,506,435
628,333,209,2023-08-15,0,2,1385,1178,1383,1041
61,1061,318,2022-12-14,3,3,1479,557,803,361
1184,778,65,2025-01-13,1,0,656,671,611,806
756,153,206,2024-08-05,0,2,1304,1470,799,621
1088,985,475,2025-04-08,3,4,1411,518,1293,271
554,886,168,2023-06-20,2,1,1341,926,178,527
21,997,162,2022-07-18,3,4,1412,425,1152,1333
358,937,389,2023-03-09,1,2,771,637,1257,215
892,312,457,2024-02-26,0,0,437,1204,1106,914
602,18,211,2023-08-14,2,2,272,1015,526,1167
1202,441,46,2025-01-12,4,1,1262,123,50,704
283,1052,41,2023-01-25,3,0,164,830,1178,149
718,687,318,2024-04-08,4,3,83,148,46,432
1266,166,206,2025-05-06,0,2,589,1268,889,670
222,578,176,2022-10-03,2,1,1102,914,719,1126
793,1047,452,2024-10-21,3,4,54,399,237,158
5,939,308,2022-04-12,3,4,1409,405,1298,853
364,578,176,2023-02-06,2,1,1353,913,713,6
808,701,5,2024-07-08,3,3,1387,539,318,1134
326,549,162,2023-05-15,2,0,1343,972,1402,947
1209,441,119,2025-03-03,4,2,1327,139,495,90
187,618,197,2022-10-18,1,2,783,8,24,1304
942,259,54,2024-08-19,0,4,411,1435,285,517
250,553,359,2022-10-27,3,0,920,815,1177,800
769,821,176,2024-01-24,1,1,154,7,553,1229
1079,125,312,2025-01-28,0,0,435,1344,225,233
566,895,209,2023-09-21,2,2,229,1091,501,858
887,1153,221,2024-04-09,4,4,1274,182,1055,419
284,346,424,2022-11-08,0,2,450,1159,434,1275
350,856,285,2023-08-10,1,2,698,3,1254,1125
1232,1076,405,2025-01-14,3,2,1000,566,1356,629
975,732,325,2024-05-21,2,3,642,880,840,903
1287,210,221,2025-06-18,0,4,404,1248,919,447
9,995,305,2022-07-15,3,4,1441,419,1296,674
401,590,176,2023-03-10,2,1,307,919,1070,1024
735,289,20,2024-10-21,0,3,401,1335,816,737
463,558,392,2023-04-18,3,0,332,743,343,175
183,804,212,2022-09-14,1,2,780,375,742,1328
1067,431,259,2025-01-12,4,4,1128,37,482,483
249,151,206,2022-10-27,0,2,787,1473,785,1115
39,990,162,2022-07-12,3,4,1418,464,1218,759
443,746,457,2023-01-10,1,3,766,10,1003,1300
901,532,176,2024-03-04,2,1,331,1122,1060,66
619,286,41,2023-10-09,0,0,131,1384,659,622
1287,441,199,2025-02-18,4,2,1250,138,1369,431
82,1024,239,2022-10-21,3,0,886,813,1222,969
1049,3,40,2024-04-08,1,1,146,2,201,270
137,77,408,2022-09-06,0,4,430,1454,139,1104
1169,631,202,2025-05-02,2,2,478,1001,361,779
654,947,318,2023-04-18,4,3,1152,180,939,1006
738,1135,294,2024-08-22,1,4,1493,4,1128,1162
1214,129,93,2025-01-23,0,1,465,1163,690,75
525,1002,435,2023-07-19,3,2,1285,383,1449,492
1008,928,66,2024-06-14,2,3,1105,950,1360,767
1316,400,453,2025-03-27,4,4,167,124,7,299
234,27,209,2022-10-17,0,2,806,1158,1336,592
819,968,452,2024-04-15,3,4,162,502,236,1414
1231,61,260,2025-07-08,0,0,1487,1395,437,235
5,939,287,2022-04-12,3,4,1407,495,1323,852
399,632,203,2023-02-07,2,2,258,1037,368,30
842,707,403,2024-10-08,3,3,84,850,329,1215
52,451,162,2022-07-28,4,0,1241,246,58,1173
536,578,183,2023-05-03,2,1,504,1143,735,884
1210,242,154,2025-01-22,0,4,1055,1349,671,441
1040,649,462,2024-07-09,3,2,537,538,1341,648
570,561,351,2023-09-06,1,0,358,280,866,329
1259,423,77,2025-01-07,4,4,895,17,475,1377
96,740,16,2022-11-15,1,3,117,360,1475,462
852,41,233,2024-03-11,0,3,1046,1442,288,353
518,999,32,2023-07-18,3,0,46,534,623,181
221,220,219,2022-09-19,0,2,971,1162,958,1057
976,599,125,2024-04-16,3,1,1023,733,695,1253
1338,1145,443,2025-03-04,2,4,232,912,547,687
722,203,206,2024-01-19,0,2,797,1321,954,243
656,862,422,2023-10-02,1,2,1176,278,1022,976
1153,469,156,2025-02-10,4,0,812,738,883,752
16,992,162,2022-07-15,3,4,1457,453,1227,1393
397,660,199,2023-03-06,2,2,329,1012,1352,803
828,724,457,2024-04-10,1,3,753,12,197,1021
280,276,41,2022-11-02,0,0,387,1379,259,45
1203,422,46,2025-02-03,4,1,1257,95,110,1143
553,943,162,2023-04-18,3,0,990,745,1207,535
733,917,176,2024-01-08,2,1,488,1102,706,252
1289,235,145,2025-01-12,0,2,440,1343,1008,603
995,1041,318,2024-10-07,4,3,1161,198,106,766
384,1129,311,2023-01-19,1,4,701,5,148,1248
173,929,445,2022-05-23,2,0,850,894,1467,1363
801,122,293,2024-05-21,0,4,405,1271,950,988
1352,1069,152,2025-01-08,3,2,475,388,1460,480
588,1084,176,2023-10-16,3,1,618,735,686,249
133,495,47,2022-09-05,4,2,1256,67,1062,701
1047,317,81,2024-09-12,0,4,400,1413,1125,928
1238,1,40,2025-04-02,1,0,139,1,202,1070
21,997,162,2022-07-18,3,4,1392,423,1201,386
332,663,199,2023-03-09,2,2,216,1141,169,1408
912,1152,243,2024-04-12,3,4,910,786,229,576
580,735,321,2023-08-23,1,3,762,312,211,1096
255,497,40,2022-11-14,4,0,1221,66,767,269
1102,44,25,2025-07-02,0,0,423,1438,297,802
1041,578,176,2024-01-08,2,1,506,986,715,1237
491,612,206,2023-07-19,1,2,102,328,35,882
67,141,257,2022-10-05,0,4,1088,1272,990,146
1349,515,41,2025-07-17,4,0,625,191,1215,430
851,685,318,2024-06-05,1,3,160,336,963,663
199,549,162,2022-04-04,2,0,271,906,1404,308
1320,339,206,2025-02-18,0,2,792,1467,789,753
664,1094,169,2023-12-12,3,1,873,836,696,109
788,1169,162,2024-09-17,1,0,684,377,552,1277
1278,483,44,2025-03-11,4,2,1129,143,444,1034
993,254,439,2024-08-08,0,4,1086,1213,974,860
475,1098,214,2023-04-21,3,2,1021,785,759,616
4,997,162,2022-07-15,3,4,1399,461,1170,678
382,656,199,2023-03-10,2,2,310,1006,1354,1349
806,960,56,2024-04-25,3,0,907,795,1151,1105
522,744,457,2023-07-12,1,3,758,633,775,31
223,881,137,2022-11-03,0,4,373,1152,436,486
1069,424,74,2025-09-30,4,4,1197,218,473,995
1000,578,176,2024-02-02,2,1,493,1103,708,72
432,48,330,2023-09-05,0,3,413,1431,301,760
274,549,162,2022-05-18,2,0,270,1116,1416,1187
1144,614,432,2025-05-07,1,2,107,677,356,632
77,488,69,2022-08-22,4,3,1169,126,800,362
913,1127,229,2024-01-08,1,4,667,695,663,882
614,212,176,2023-01-19,0,1,126,1227,438,40
1214,1020,31,2025-07-16,3,4,919,541,238,1003
483,337,257,2023-04-03,0,2,432,1483,1026,276
1017,898,61,2024-06-14,2,0,278,909,1132,474
1317,298,162,2025-08-11,0,0,968,1404,299,1411
864,520,397,2024-10-02,4,3,630,197,827,590
337,1011,162,2023-07-18,3,4,1464,478,1210,190
799,730,457,2024-02-06,1,3,655,320,1479,1358
167,576,176,2022-09-12,2,1,1352,1104,724,804
1064,239,338,2025-04-08,0,0,466,1346,294,1136
679,419,469,2023-11-03,4,4,2,92,375,452
71,673,209,2022-03-22,2,2,252,1095,902,940
960,966,318,2024-04-29,3,3,40,754,144,1072
632,1186,86,2023-06-21,1,4,937,335,991,571
1134,391,201,2025-01-14,4,2,1208,15,410,234
897,217,118,2024-02-21,0,3,591,1307,140,1256
235,549,162,2022-05-05,2,0,519,1051,1396,113
1185,1019,380,2025-07-25,3,2,185,544,1444,871
433,330,301,2023-09-14,0,4,454,1337,145,1098
1016,895,61,2024-01-17,2,2,227,970,504,372
278,364,41,2022-12-19,4,0,1196,737,621,70
848,872,262,2024-10-10,1,1,935,365,698,12
1303,310,209,2025-07-02,0,2,980,1177,189,683
511,446,67,2023-05-02,4,3,1249,730,51,1347
9,997,162,2022-07-18,3,4,1415,456,1200,1073
417,936,457,2023-03-14,1,2,765,340,1241,192
693,321,479,2024-02-06,0,4,1089,1423,1119,761
128,351,176,2022-09-05,2,1,854,1002,123,225
1252,441,40,2025-04-03,4,2,549,93,486,1382
356,1027,282,2023-10-24,3,0,921,816,1221,418
247,684,321,2022-11-08,4,3,1280,141,3,960
920,631,202,2024-05-21,2,2,842,900,348,1272
649,283,282,2023-09-06,0,0,561,1391,1054,569
1284,984,77,2025-04-21,3,4,995,1498,111,301
210,1165,452,2022-01-20,1,4,748,321,1033,1158
1029,169,176,2024-01-08,0,1,70,1300,70,50
1147,1124,387,2025-02-18,2,1,860,983,1094,841
111,1058,318,2022-12-19,3,3,949,558,107,487
540,2,40,2023-04-27,1,1,141,267,199,1311
999,531,162,2024-03-12,2,0,265,974,1058,465
1370,189,120,2025-07-09,0,2,112,1239,917,668
565,369,394,2023-02-10,4,1,1282,178,424,1221
15,992,138,2022-07-12,3,4,1448,526,1292,1360
404,661,211,2023-03-21,2,2,327,1145,744,699
719,950,399,2024-04-18,3,0,65,796,626,1208
452,704,258,2023-10-09,4,3,1218,226,326,53
145,591,176,2022-09-02,2,1,499,962,1077,356
1094,313,85,2025-02-11,0,4,204,1412,1107,503
170,619,350,2022-10-24,1,2,779,608,26,951
985,443,374,2024-02-05,4,1,902,61,489,116
582,538,162,2023-05-15,2,0,816,979,1389,250
1032,1037,207,2024-10-07,3,2,541,494,763,1415
1165,237,157,2025-01-22,0,0,172,1345,227,567
635,1174,331,2023-07-18,1,3,116,599,778,1061
233,198,178,2022-03-28,0,1,171,1306,875,826
1118,1079,443,2025-01-08,4,4,85,254,648,416
659,178,468,2023-02-14,0,3,1058,1301,782,1235
821,601,169,2024-07-03,4,1,1198,88,697,273
1229,982,167,2025-04-28,3,3,1008,516,945,1128
248,218,164,2022-11-03,0,0,78,1320,914,798
10,993,308,2022-07-14,3,4,1446,434,1302,244
404,660,203,2023-03-22,2,2,1367,893,1351,846
728,698,403,2024-04-17,3,3,34,505,320,1260
318,549,162,2023-06-06,2,0,220,981,1410,450
1095,408,155,2025-02-11,4,2,1237,27,411,120
246,1185,23,2022-09-28,1,4,743,650,856,586
948,269,176,2024-08-05,0,1,370,1229,688,1305
43,1051,354,2022-12-15,3,0,872,832,637,1147
1163,177,51,2025-03-18,0,4,443,1304,379,907
640,570,224,2023-10-19,1,1,362,714,1144,247
910,389,278,2024-07-02,4,2,1252,127,1000,134
112,227,22,2022-11-04,0,0,1047,1205,994,1175
1221,643,347,2025-05-02,1,2,963,1148,533,407
558,375,458,2023-07-11,4,1,1207,114,560,785
1036,734,401,2024-10-03,1,3,124,684,766,614
189,109,277,2022-05-19,0,3,1041,1167,83,91
1313,899,61,2025-01-23,2,2,485,855,512,1315
517,527,109,2023-08-02,4,4,1143,108,1260,1075
342,1010,162,2023-07-18,3,4,1463,472,1223,679
766,578,176,2024-02-12,2,1,244,1109,711,1295
180,315,457,2022-11-14,0,4,1091,1414,1110,54
1158,435,480,2025-04-10,4,2,1179,19,467,975
259,736,356,2022-08-09,1,3,767,630,1478,792
683,1063,65,2024-01-22,3,0,1079,839,1188,1156
868,671,461,2024-05-03,2,2,527,1094,901,284
487,817,162,2023-03-07,1,0,183,656,1040,449
1240,167,461,2025-05-05,0,2,586,1331,968,1327
1002,519,45,2024-10-07,4,3,899,196,316,584
578,208,184,2023-05-22,0,1,459,1314,872,956
89,911,162,2022-04-04,2,0,1123,1121,590,199
1322,979,206,2025-04-08,3,2,1028,761,1434,1117
373,876,452,2023-10-19,1,4,940,725,136,717
1048,301,1,2024-06-25,0,0,981,1400,599,396
1297,472,177,2025-01-29,4,1,825,253,1135,1204
103,813,414,2022-12-06,1,2,876,717,1250,142
39,941,162,2022-04-12,3,4,1402,410,1169,1324
84,654,199,2022-09-06,2,2,218,1092,184,619
310,700,319,2023-07-11,3,3,45,532,143,159
355,1180,452,2023-08-16,1,4,711,597,669,1025
776,324,457,2024-01-18,0,0,556,1156,1123,261
837,604,176,2024-03-04,2,1,489,1027,709,17
143,443,46,2022-11-02,4,2,1236,167,1373,912
923,556,41,2024-10-21,3,0,1076,827,1181,368
1283,791,179,2025-02-13,1,1,542,315,1469,1264
249,70,471,2022-07-22,0,2,583,1288,149,807
645,402,470,2023-03-06,4,4,1186,216,19,100
1351,238,90,2025-04-08,0,0,110,1185,1041,424
676,861,324,2023-09-26,1,3,836,382,528,751
728,914,162,2024-02-09,2,0,269,991,602,615
1150,467,40,2025-02-03,4,0,1140,57,1492,1179
471,190,234,2023-01-27,0,2,173,1240,1472,1413
226,854,161,2022-08-30,1,0,127,313,658,237
18,989,162,2022-07-18,3,0,1286,430,126,1355
334,1176,457,2023-03-08,1,4,188,613,920,937
833,38,199,2024-09-12,0,2,1287,1427,292,726
1114,596,176,2025-02-03,2,1,1348,916,1085,213
500,416,336,2023-06-26,4,3,1485,188,458,1056
177,623,199,2022-11-15,1,2,101,590,350,552
802,966,318,2024-04-09,3,3,905,389,932,196
600,88,176,2023-10-03,0,1,619,1254,421,404
1197,969,162,2025-04-16,3,0,1290,519,125,1251
279,73,317,2022-09-21,0,3,662,1200,478,1405
943,905,61,2024-01-22,2,2,281,1048,520,836
365,404,469,2023-02-14,4,4,90,255,11,306
1246,100,162,2025-07-08,0,0,572,1360,1386,132
863,815,414,2024-08-21,1,2,1294,611,1020,1176
116,891,176,2022-05-02,2,1,525,1086,570,919
1356,398,417,2025-06-10,4,2,1292,73,5,585
579,294,2,2023-12-11,0,0,15,1393,418,392
39,997,162,2022-07-18,3,4,1413,452,1216,204
418,666,199,2023-03-06,2,2,1376,1136,1337,694
816,502,457,2024-02-12,4,0,1319,100,1024,1044
389,727,321,2023-04-11,1,3,708,627,844,73
75,341,176,2022-10-17,0,1,609,1318,580,501
690,1036,239,2024-10-22,3,0,923,740,128,949
448,1167,448,2023-01-24,1,4,351,721,1325,1278
1090,924,176,2025-02-10,2,1,242,1064,1099,1080
24,997,162,2022-07-18,3,4,1461,417,1209,1227
344,578,176,2023-02-06,2,1,263,1107,721,700
916,963,428,2024-04-10,4,2,901,222,1428,316
1198,72,148,2025-03-11,0,3,426,1201,137,60
38,541,162,2022-09-05,2,0,288,936,439,1174
946,1045,77,2024-10-07,3,4,53,769,1131,490
499,863,457,2023-09-19,1,3,742,378,955,1369
169,499,389,2022-12-08,4,0,1219,64,769,891
1139,803,253,2025-04-22,1,2,92,308,365,627
615,316,300,2023-11-29,0,4,472,1351,1124,379
1054,901,209,2024-02-14,2,2,515,1044,517,1331
1293,969,41,2025-04-08,3,0,1006,522,1205,834
213,333,209,2022-11-14,0,2,407,1192,1382,85
457,868,293,2023-10-13,1,4,931,367,133,771
778,459,323,2024-06-20,4,3,1205,87,941,1090
1188,149,465,2025-05-05,0,2,811,1323,798,1243
552,919,176,2023-05-22,2,1,822,1076,760,963
306,1007,162,2023-07-12,3,4,1477,479,1310,926
712,660,199,2024-02-19,2,2,1366,898,1338,27
110,710,457,2022-12-05,4,3,1333,33,321,829
1206,318,139,2025-03-18,0,4,451,1416,1104,1232
988,574,176,2024-06-10,2,1,239,985,1074,811
655,935,389,2023-04-07,1,2,772,584,1253,394
54,549,162,2022-05-02,2,0,823,874,1390,239
1247,462,40,2025-02-10,4,0,1139,52,61,1364
419,16,232,2023-04-03,3,4,951,384,484,654
939,751,321,2024-01-22,1,3,678,269,95,464
1066,249,98,2025-04-14,0,2,417,1426,271,1129
253,1025,162,2022-10-18,3,0,992,812,622,583
824,1125,452,2024-01-05,2,4,843,857,422,206
1304,205,206,2025-04-21,0,2,205,1469,1331,880
507,946,318,2023-04-06,3,3,152,498,802,680
190,611,199,2022-08-09,1,2,103,612,25,958
1130,508,464,2025-04-07,4,2,1150,186,1424,211
680,1158,452,2023-08-14,1,4,830,596,923,579
369,1006,162,2023-07-18,3,4,1386,480,1229,1353
685,683,18,2024-09-26,1,3,670,299,108,564
261,111,239,2022-03-15,0,4,1092,1263,972,695
1162,925,176,2025-01-12,2,1,319,1067,1097,167
227,416,457,2022-11-03,4,0,1190,128,385,1099
915,962,199,2024-04-11,3,2,636,752,1443,347
498,274,411,2023-10-09,0,3,419,1455,264,208
1335,395,415,2025-06-30,4,2,1258,68,114,925
431,895,209,2023-02-21,2,2,229,886,505,1166
1058,780,162,2024-06-07,1,0,710,262,652,468
1257,304,199,2025-03-04,0,2,966,1465,161,1331
992,1040,318,2024-10-07,3,3,945,390,933,1007
51,802,295,2022-10-17,1,2,109,301,36,789
654,146,176,2023-05-02,0,1,67,1195,891,1258
820,387,307,2024-07-02,4,0,897,731,615,367
1086,911,162,2025-02-03,2,0,1117,868,583,504
601,798,176,2023-04-21,1,1,954,292,1376,258
174,1053,250,2022-12-19,3,0,557,563,1196,923
39,991,162,2022-07-15,3,4,1424,460,1147,676
409,584,176,2023-02-10,2,1,303,1071,720,1309
832,258,140,2024-07-08,0,3,1048,1444,282,67
495,767,199,2023-05-19,1,2,359,616,1258,983
194,498,383,2022-11-28,4,0,1220,155,961,1082
1267,776,162,2025-09-09,1,0,123,670,956,264
238,921,209,2022-03-21,2,2,535,1033,740,409
1011,1103,318,2024-04-18,3,3,33,392,142,822
670,103,244,2023-08-22,0,4,595,1261,431,562
28,1114,41,2022-12-14,3,0,1014,835,1187,188
747,877,443,2024-06-11,1,4,356,726,776,894
1155,397,48,2025-03-03,4,2,1224,71,4,1250
482,200,162,2023-09-15,0,0,80,1246,538,383
886,914,162,2024-02-02,2,0,1120,990,587,724
1337,1106,206,2025-07-21,3,2,349,545,1440,935
258,202,209,2022-10-03,0,2,134,1166,908,363
672,764,176,2023-07-12,1,1,961,663,858,1092
741,526,453,2024-07-02,4,4,1144,83,1057,744
1220,327,60,2025-01-16,0,2,1045,1206,341,177
592,890,176,2023-01-05,2,1,261,1085,674,374
330,1007,162,2023-07-18,3,4,1478,483,1224,1071
687,737,457,2024-03-05,1,3,653,652,1480,935
153,282,41,2022-10-12,0,0,464,1381,1053,406
1063,653,212,2025-02-14,2,2,858,1090,1098,1210
520,413,28,2023-11-06,4,4,626,214,390,843
50,586,168,2022-04-07,2,1,844,944,118,664
1034,962,206,2024-04-11,3,2,808,797,1438,292
1318,308,174,2025-05-12,0,1,972,1410,1348,1375
575,1184,481,2023-08-29,1,4,941,728,198,180
781,911,162,2024-01-22,2,0,221,982,582,1062
240,185,324,2022-07-01,0,3,380,1363,317,209
838,511,160,2024-07-02,4,2,1276,221,63,718
1122,970,65,2025-04-21,3,0,579,525,1193,1194
206,799,179,2022-02-16,1,1,1494,675,874,979
1187,252,452,2025-04-08,0,4,72,1357,986,554
631,899,61,2023-05-23,2,2,277,925,514,1050
878,522,449,2024-10-21,4,4,1278,206,556,332
31,997,162,2022-07-14,3,4,1414,426,1145,551
391,5,176,2023-03-07,1,1,729,345,203,1
914,110,457,2024-04-09,0,0,5,1264,463,986
1325,925,176,2025-01-22,2,1,240,1065,1082,522
104,434,321,2022-10-21,4,3,1168,168,1355,1391
496,1030,199,2023-10-11,3,2,348,768,1445,76
953,32,255,2024-06-17,0,4,439,1199,370,780
287,920,209,2022-05-03,2,2,225,954,504,255
1106,525,132,2025-01-08,4,0,1165,203,131,1095
523,1171,162,2023-05-19,1,0,681,353,987,320
1006,966,321,2024-04-12,3,3,178,506,109,421
211,39,298,2022-09-12,0,0,366,1217,278,840
1207,914,162,2025-03-11,2,0,480,998,595,1312
608,478,176,2023-11-03,4,1,1233,228,563,403
760,758,73,2024-05-23,1,4,737,354,42,613
1258,969,162,2025-04-21,3,0,1026,517,1176,1259
427,28,199,2023-08-02,0,2,434,1170,157,568
1059,493,255,2024-07-08,4,4,1145,84,233,920
314,1006,302,2023-07-14,3,4,1470,531,1282,854
735,743,114,2024-04-09,1,3,764,632,849,214
160,345,264,2022-11-03,0,2,449,1238,433,1279
1168,602,176,2025-01-22,2,1,296,1066,1080,781
241,524,162,2022-12-12,4,0,1183,199,373,984
412,1086,429,2023-04-11,3,2,149,744,1453,520
5,992,301,2022-07-15,3,4,1450,446,1322,139
313,537,162,2023-03-08,2,0,1369,1080,1408,932
807,503,409,2024-04-12,4,3,1337,122,464,1332
1109,672,209,2025-01-22,2,2,250,1052,907,556
37,717,263,2022-11-07,1,3,741,583,328,354
441,126,137,2023-01-19,0,1,382,1274,66,819
753,559,87,2024-10-17,3,0,922,736,129,1209
519,627,431,2023-06-14,1,2,98,679,23,272
216,71,452,2022-12-12,0,4,789,1310,970,1116
1092,831,181,2025-02-11,1,1,1098,288,1485,482
395,371,450,2023-07-03,4,4,1251,107,1262,688
707,246,415,2024-05-06,0,3,381,1187,1015,39
163,884,188,2022-02-21,2,1,212,1075,179,427
1354,1118,17,2025-01-09,3,3,929,490,815,223
634,99,358,2023-04-25,0,0,1053,1186,650,1326
985,770,73,2024-09-19,1,4,108,298,453,982
1200,906,437,2025-03-03,2,0,514,1029,1034,1155
260,485,372,2022-08-29,4,2,1126,91,446,155
325,1006,162,2023-07-15,3,4,1469,475,1313,762
726,729,457,2024-02-08,1,3,652,685,1477,1191
106,578,176,2022-09-26,2,1,495,1106,726,137
1136,421,239,2025-04-22,4,0,1217,117,459,307
682,279,137,2023-10-03,0,3,1049,1430,265,692
178,666,199,2022-04-19,2,2,247,1083,93,401
968,950,162,2024-04-18,3,0,342,791,617,581
1205,206,199,2025-01-12,0,2,798,1478,165,19
586,1187,297,2023-05-24,1,4,714,729,978,899
795,910,162,2024-01-05,2,0,1116,1061,589,1177
281,405,457,2022-11-14,4,3,1188,134,13,495
1333,979,199,2025-04-09,3,2,1022,413,1451,783
876,118,486,2024-09-09,0,4,600,1269,432,312
65,834,176,2022-12-08,1,1,1071,694,677,577
1033,1041,321,2024-10-21,4,3,1160,195,832,1035
508,902,199,2023-03-06,2,2,486,1046,519,1223
1103,92,176,2025-02-03,0,1,75,1258,423,185
424,857,137,2023-09-14,1,4,122,710,451,863
42,994,256,2022-07-08,3,4,1439,448,1297,390
415,632,203,2023-04-11,2,2,262,878,357,1184
830,433,333,2024-09-03,4,3,1213,116,483,793
361,554,162,2023-10-20,3,0,1074,821,1197,126
135,713,16,2022-10-06,1,3,732,279,847,321
1242,234,113,2025-01-22,0,1,457,1342,694,1367
962,593,175,2024-02-05,2,1,497,961,1095,66
1260,648,456,2025-07-18,3,2,179,487,1456,617
204,51,129,2022-11-14,0,0,1036,1190,1043,721
605,1149,443,2023-06-02,2,4,1101,877,551,908
1010,820,404,2024-03-28,1,2,956,273,999,541
294,365,46,2022-12-19,4,0,621,14,886,314
867,215,488,2024-07-09,0,3,1488,1374,82,1193
1306,781,127,2025-05-13,1,0,644,275,927,494
638,1099,318,2023-12-19,3,3,62,578,822,202
1152,154,206,2025-08-01,0,2,801,1322,788,1064
492,795,370,2023-04-03,1,1,934,268,683,1392
896,492,41,2024-06-17,4,0,686,20,859,1008
18,995,308,2022-07-15,3,4,1423,441,1309,857
401,682,466,2023-09-28,1,3,782,610,809,1388
727,204,136,2024-01-12,0,0,564,1339,667,105
251,609,199,2022-03-08,2,2,316,921,74,636
534,430,96,2023-12-05,4,4,25,252,1130,336
1174,969,162,2025-04-22,3,0,581,805,632,1076
62,581,176,2022-09-02,2,1,492,956,731,1201
941,116,251,2024-06-18,0,2,634,1171,1332,434
643,1031,319,2023-10-12,3,3,163,395,836,994
894,1182,452,2024-06-07,1,4,757,272,1238,709
115,914,162,2022-11-14,2,0,1119,873,598,1301
1353,392,457,2025-02-03,4,3,1230,60,672,179
487,299,179,2023-05-03,0,1,986,1405,915,296
957,631,202,2024-02-27,2,2,311,1082,344,650
87,1160,12,2022-10-05,1,4,657,373,1276,519
1268,1019,206,2025-07-21,3,2,809,540,1433,943
989,501,396,2024-08-09,4,0,1254,86,980,838
669,79,241,2023-06-21,0,4,1034,1447,477,1040
5,992,302,2022-07-18,3,4,1440,449,1281,1390
425,579,176,2023-02-06,2,1,1368,1120,714,728
853,951,474,2024-04-15,3,0,567,510,609,555
363,705,373,2023-10-11,1,3,677,366,842,102
1237,441,40,2025-01-08,4,2,1326,171,575,368
270,669,209,2022-09-02,2,2,1377,951,88,1130
1281,250,41,2025-04-22,0,0,386,1352,312,901
971,1173,107,2024-03-05,1,4,747,344,55,1296
193,85,171,2022-11-07,0,1,965,1182,879,339
571,617,58,2023-11-16,1,2,691,362,33,156
696,916,164,2024-01-19,2,0,845,884,593,455
1310,1081,452,2025-01-12,3,4,1480,841,231,1197
130,192,206,2022-05-23,0,2,639,1482,754,599
904,385,470,2024-07-08,4,0,9,26,861,297
453,1109,380,2023-10-04,3,2,996,819,1442,1052
1342,74,324,2025-02-18,0,3,412,1448,479,1412
515,819,190,2023-01-24,1,1,785,325,1484,507
1050,1191,389,2024-10-28,4,0,546,63,960,254
41,992,305,2022-07-12,3,4,1452,436,1324,942
413,632,203,2023-03-08,2,2,1362,899,369,398
856,416,133,2024-02-05,4,3,1323,135,387,748
184,543,162,2022-11-03,2,0,1374,971,1407,197
1339,271,457,2025-08-18,0,3,1315,1260,1014,635
590,772,185,2023-09-14,1,1,1296,592,678,375
736,1102,162,2024-04-23,3,0,1410,753,642,1019
248,136,101,2022-10-07,0,0,1302,1362,295,1199
1291,878,206,2025-05-06,1,2,1298,580,750,315
675,458,41,2023-12-15,4,0,1317,51,1490,35
834,692,320,2024-06-17,2,3,1382,871,250,473
86,329,335,2022-12-05,0,4,1314,1211,977,1346
1104,1107,386,2025-07-21,3,2,1390,543,1458,600
509,852,390,2023-05-19,1,3,1299,276,893,1132
934,305,174,2024-06-17,0,1,1311,1397,429,801
1189,403,438,2025-07-07,4,4,1482,212,17,922
644,595,183,2023-02-02,2,1,1345,957,1103,226
978,869,73,2024-04-18,1,4,719,266,454,684
1244,348,489,2025-03-11,0,2,1306,1285,1342,74
8,939,162,2022-04-12,3,4,1403,411,1311,745
23,671,199,2022-09-08,2,2,1354,935,78,1335
315,19,321,2023-10-05,4,3,1331,129,52,866
706,1012,404,2024-07-09,1,2,668,641,762,337
323,14,176,2023-03-21,2,4,290,892,1127,68
1093,240,117,2025-03-27,0,0,565,1347,666,656
713,1044,239,2024-10-24,3,0,150,826,127,1078
46,1128,485,2022-01-18,1,4,716,720,1275,475
1107,396,457,2025-02-06,4,1,1272,240,1483,169
372,134,237,2023-06-29,0,3,1064,1278,979,365
742,918,176,2024-02-19,2,1,503,858,727,1225
76,1115,318,2022-12-15,3,3,60,559,130,749
386,640,98,2023-05-20,4,2,1226,161,738,933
1127,174,321,2025-08-14,0,3,957,1298,894,1030
754,542,162,2024-05-02,2,0,1122,988,1394,290
392,1005,413,2023-07-18,4,2,1153,189,115,542
1137,824,117,2025-01-23,1,0,114,696,193,1265
9,997,162,2022-07-18,3,4,1417,457,1159,1372
402,578,176,2023-02-06,2,1,1360,890,717,726
686,416,457,2024-03-12,4,3,14,136,391,896
356,673,212,2023-05-09,2,2,251,952,905,345
841,1151,452,2024-04-08,1,4,734,639,135,34
1113,42,307,2025-06-17,0,3,447,1439,296,1140
181,544,162,2022-09-02,2,0,1112,879,601,488
951,1046,416,2024-10-15,3,2,1025,824,1455,142
624,115,198,2023-11-03,0,2,474,1461,158,677
128,361,156,2022-08-01,4,4,1212,106,578,207
1172,844,65,2025-07-10,1,0,1281,704,407,645
657,194,92,2023-09-18,0,4,456,1193,195,1216
64,938,41,2022-04-26,3,0,865,391,1164,708
784,805,70,2024-05-21,1,3,713,682,448,1015
1328,207,206,2025-07-28,0,2,659,1471,795,281
458,899,261,2023-04-14,2,0,275,937,1138,1330
1251,468,40,2025-07-22,4,4,620,742,65,998
13,994,162,2022-07-15,3,4,1459,463,1232,758
329,583,176,2023-02-10,2,1,1351,905,722,1297
782,416,457,2024-04-08,4,3,1338,30,398,122
105,630,199,2022-11-03,1,2,733,615,414,1135
1227,255,239,2025-08-12,0,0,571,1445,270,489
557,1031,319,2023-10-12,3,3,1397,849,824,150
875,895,209,2024-01-19,2,2,226,1020,503,1036
1108,829,452,2025-01-28,1,4,193,286,661,335
1019,123,246,2024-09-09,0,3,6,1302,571,769
126,912,162,2022-03-21,2,0,526,973,591,1016
594,870,176,2023-05-19,1,1,155,260,222,588
895,950,41,2024-05-03,3,0,578,508,1194,1263
1277,404,469,2025-06-06,4,4,88,238,12,423
646,338,204,2023-11-07,0,2,635,1480,168,950
293,1050,75,2022-12-14,3,4,950,561,112,256
1311,808,27,2025-02-14,1,2,683,289,205,1318
1014,309,179,2024-03-25,0,1,967,1411,675,881
10,998,162,2022-07-18,3,4,1391,458,1219,543
343,741,457,2023-04-12,1,3,730,631,851,1069
917,127,239,2024-04-08,0,0,446,1275,420,938
1131,650,209,2025-01-14,2,2,322,1017,1065,1202
600,411,28,2023-11-06,4,4,1189,99,383,222
950,1066,41,2024-01-29,3,0,887,838,634,1323
191,587,176,2022-09-05,2,1,208,1111,122,628
305,264,408,2023-08-21,0,3,1051,1365,263,1345
840,1137,425,2024-02-05,1,4,182,723,1326,405
272,631,206,2022-03-22,2,2,522,865,345,178
1222,507,46,2025-04-07,4,3,1149,187,673,694
927,333,209,2024-09-09,0,2,974,1180,1347,1002
630,942,71,2023-04-03,3,2,866,500,1366,89
99,57,176,2022-11-15,0,1,605,1315,868,828
1309,787,348,2025-02-27,1,0,352,673,1417,1088
791,902,61,2024-05-16,2,2,1110,1047,522,288
1272,226,16,2025-03-20,0,4,442,1250,1381,1260
16,995,305,2022-07-15,3,4,1420,432,1328,574
396,662,203,2023-03-06,2,2,1371,1056,1340,1294
729,698,131,2024-04-08,3,3,38,503,826,637
620,563,404,2023-08-22,1,0,775,618,290,65
161,352,176,2022-11-03,2,1,859,1132,780,1086
1078,441,36,2025-01-19,4,2,1244,170,487,977
345,63,227,2023-05-09,0,4,462,1225,1105,768
929,1038,369,2024-10-07,3,2,952,772,1432,212
128,866,274,2022-09-14,1,4,831,302,1267,1142
1228,233,176,2025-02-03,0,1,143,1341,689,906
476,500,102,2023-10-12,4,0,1166,75,971,532
1052,816,110,2024-02-27,1,3,1097,676,687,82
95,347,198,2022-03-28,0,2,431,1317,160,722
967,889,217,2024-06-11,2,2,214,929,173,358
1341,1070,162,2025-01-07,3,0,888,569,1189,1397
568,188,452,2023-01-17,0,3,371,1491,96,133
1154,830,276,2025-03-18,1,0,551,699,1465,380
751,449,304,2024-11-01,4,4,900,40,53,1171
32,994,305,2022-07-18,3,4,1445,440,1287,1354
348,592,176,2023-03-06,2,1,1350,1072,1081,763
778,416,402,2024-02-12,4,3,1329,200,461,1226
1161,675,209,2025-01-22,2,2,291,1081,1468,201
158,553,162,2022-10-21,3,0,569,765,1030,870
596,690,135,2023-04-27,1,3,738,293,848,1154
965,65,230,2024-08-05,0,4,455,1420,1114,471
567,616,206,2023-05-17,1,2,104,295,30,63
291,47,275,2022-09-12,0,3,424,1440,287,560
815,1189,441,2024-11-04,4,0,1132,69,976,346
1241,825,41,2025-02-11,1,0,191,287,256,948
445,1147,443,2023-01-19,2,4,846,1030,541,1046
62,213,176,2022-12-05,0,1,611,1319,121,278
1344,1096,206,2025-01-08,3,2,1081,573,1436,1410
490,373,13,2023-06-30,4,0,1206,250,616,830
998,792,176,2024-04-09,1,1,593,290,67,438
1212,228,315,2025-03-24,0,0,877,1219,995,1262
44,995,141,2022-07-18,3,4,1454,435,1303,904
407,635,203,2023-03-06,2,2,324,895,736,539
845,697,407,2024-04-15,3,3,39,577,806,696
148,543,162,2022-10-03,2,0,818,959,1388,1200
1238,416,375,2025-02-11,4,4,1163,205,457,231
589,789,176,2023-09-14,1,1,750,376,217,1182
1005,265,41,2024-07-09,0,0,132,1371,649,1401
268,647,225,2022-12-05,3,2,1077,833,765,107
351,378,40,2023-06-27,4,4,891,59,1329,476
1149,827,419,2025-01-23,1,2,186,324,1019,996
1039,133,267,2024-05-22,0,3,601,1289,415,774
460,560,344,2023-10-27,3,0,869,820,639,1087
252,296,463,2022-11-08,0,2,978,1402,1345,353
1292,888,188,2025-03-19,2,1,479,852,170,624
881,809,442,2024-10-21,1,3,939,372,132,203
207,477,169,2022-05-30,4,1,1194,208,565,3
1357,170,206,2025-01-08,0,2,802,1475,786,71
737,927,452,2024-02-02,2,4,330,881,543,1026
340,1007,162,2023-07-18,3,4,917,533,1154,831
803,728,457,2024-03-12,1,3,660,628,1482,1371
30,533,176,2022-09-06,2,1,1381,1022,1415,707
1190,416,239,2025-02-10,4,4,1318,34,396,1213
544,275,473,2023-10-05,0,2,638,1457,310,182
720,954,162,2024-04-22,3,0,906,846,1162,553
298,1148,452,2022-11-14,2,4,487,856,549,310
414,138,137,2023-08-21,0,3,664,1282,81,885
1286,977,199,2025-04-08,3,2,1288,513,1450,472
136,762,176,2022-12-02,1,1,646,654,427,1416
986,445,321,2024-07-02,4,3,608,39,952,608
587,325,26,2023-05-09,0,4,1095,1151,1117,429
922,899,202,2024-01-18,2,2,279,1074,1137,1106
1143,848,401,2025-05-14,1,2,200,706,1252,340
192,455,41,2022-12-28,4,0,1498,47,1496,991
464,768,73,2023-02-24,1,4,932,666,43,1212
1363,230,226,2025-01-22,0,0,878,1216,996,131
889,1043,318,2024-10-21,3,3,925,491,935,658
1,940,305,2022-04-12,3,4,904,576,1234,849
349,578,176,2023-01-09,2,1,313,1019,718,9
858,513,132,2024-07-02,4,2,1216,120,206,1276
1145,688,401,2025-07-29,0,3,1057,1373,773,512
244,548,162,2022-09-15,2,0,508,1117,1061,727
563,644,242,2023-06-27,1,2,113,601,188,162
1053,1112,266,2024-10-07,3,3,926,770,105,228
182,452,162,2022-11-08,4,0,1263,115,445,1043
674,223,173,2023-02-13,0,1,76,1488,892,910
1276,969,30,2025-04-23,3,0,911,401,1185,143
503,1134,444,2023-10-19,1,4,354,607,946,371
